<?xml version="1.0" encoding="utf-8"?>
<familyset version="23">
    <!-- first font is default -->
    <family name="sans-serif">
        <font weight="100" style="normal">Acherus-Grotesque-Thin.otf</font>
        <font weight="100" style="italic">Acherus-Grotesque-Thin-italic.otf</font>
        <font weight="300" style="normal">Acherus-Grotesque-Light.otf</font>
        <font weight="300" style="italic">Acherus-Grotesque-Light-italic.otf</font>
        <font weight="400" style="normal">Acherus-Grotesque-Regular.otf</font>
        <font weight="400" style="italic">Acherus-Grotesque-italic.otf</font>
        <font weight="500" style="normal">Acherus-Grotesque-Medium.otf</font>
        <font weight="500" style="italic">Acherus-Grotesque-Medium-italic.otf</font>
        <font weight="900" style="normal">Acherus-Grotesque-Black.otf</font>
        <font weight="900" style="italic">Acherus-Grotesque-Black-italic.otf</font>
        <font weight="700" style="normal">Acherus-Grotesque-Bold.otf</font>
        <font weight="700" style="italic">Acherus-Grotesque-Bold-italic.otf</font>
    </family>
    <!-- Note that aliases must come after the fonts they reference. -->
    <alias name="sans-serif-thin" to="sans-serif" weight="100" />
    <alias name="sans-serif-light" to="sans-serif" weight="300" />
    <alias name="sans-serif-medium" to="sans-serif" weight="500" />
    <alias name="sans-serif-black" to="sans-serif" weight="900" />
    <alias name="arial" to="sans-serif" />
    <alias name="helvetica" to="sans-serif" />
    <alias name="tahoma" to="sans-serif" />
    <alias name="verdana" to="sans-serif" />
    <alias name="sans-serif-condensed" to="sans-serif" />
</familyset>