<?xml version="1.0" encoding="utf-8"?>
<familyset version="23">
    <!-- first font is default -->
    <family name="sans-serif">
        <font weight="100" style="normal">MB-Grotesk-Extra-Light.otf</font>
        <font weight="100" style="italic">MB-Grotesk-Extra-Light-Italic.otf</font>
        <font weight="300" style="normal">MB-Grotesk-Light.otf</font>
        <font weight="300" style="italic">MB-Grotesk-Light-Italic.otf</font>
        <font weight="400" style="normal">MB-Grotesk-Regular.otf</font>
        <font weight="400" style="italic">MB-Grotesk-Regular-Italic.otf</font>
        <font weight="500" style="normal">MB-Grotesk-Medium.otf</font>
        <font weight="500" style="italic">MB-Grotesk-Medium-Italic.otf</font>
        <font weight="900" style="normal">MB-Grotesk-Extra-Bold.otf</font>
        <font weight="900" style="italic">MB-Grotesk-Extra-Bold-Italic.otf</font>
        <font weight="700" style="normal">MB-Grotesk-Bold.otf</font>
        <font weight="700" style="italic">MB-Grotesk-Bold-Italic.otf</font>
    </family>
    <!-- Note that aliases must come after the fonts they reference. -->
    <alias name="sans-serif-thin" to="sans-serif" weight="100" />
    <alias name="sans-serif-light" to="sans-serif" weight="300" />
    <alias name="sans-serif-medium" to="sans-serif" weight="500" />
    <alias name="sans-serif-black" to="sans-serif" weight="900" />
    <alias name="arial" to="sans-serif" />
    <alias name="helvetica" to="sans-serif" />
    <alias name="tahoma" to="sans-serif" />
    <alias name="verdana" to="sans-serif" />
    <alias name="sans-serif-condensed" to="sans-serif" />
</familyset>