<?xml version="1.0" encoding="utf-8"?>
<familyset version="23">
    <!-- first font is default -->
    <family name="sans-serif">
        <font weight="100" style="normal">Brandon_thin.otf</font>
        <font weight="100" style="italic">Brandon_thin_it.otf</font>
        <font weight="300" style="normal">Brandon_light.otf</font>
        <font weight="300" style="italic">Brandon_light_it.otf</font>
        <font weight="400" style="normal">Brandon_reg.otf</font>
        <font weight="400" style="italic">Brandon_reg_it.otf</font>
        <font weight="500" style="normal">Brandon_med.otf</font>
        <font weight="500" style="italic">Brandon_med_it.otf</font>
        <font weight="900" style="normal">Brandon_blk.otf</font>
        <font weight="900" style="italic">Brandon_blk_it.otf</font>
        <font weight="700" style="normal">Brandon_bld.otf</font>
        <font weight="700" style="italic">Brandon_bld_it.otf</font>
    </family>
    <!-- Note that aliases must come after the fonts they reference. -->
    <alias name="sans-serif-thin" to="sans-serif" weight="100" />
    <alias name="sans-serif-light" to="sans-serif" weight="300" />
    <alias name="sans-serif-medium" to="sans-serif" weight="500" />
    <alias name="sans-serif-black" to="sans-serif" weight="900" />
    <alias name="arial" to="sans-serif" />
    <alias name="helvetica" to="sans-serif" />
    <alias name="tahoma" to="sans-serif" />
    <alias name="verdana" to="sans-serif" />
    <alias name="sans-serif-condensed" to="sans-serif" />
</familyset>