<?xml version="1.0" encoding="utf-8"?>
<familyset version="23">
    <!-- first font is default -->
    <family name="sans-serif">
        <font weight="100" style="normal">Sofia-Pro-Soft-Light.ttf</font>
        <font weight="100" style="italic">Sofia-Pro-Soft-Light-Italic.ttf</font>
        <font weight="300" style="normal">Sofia-Pro-Soft-Light.ttf</font>
        <font weight="300" style="italic">Sofia-Pro-Soft-Light-Italic.ttf</font>
        <font weight="400" style="normal">Sofia-Pro-Soft-Regular.ttf</font>
        <font weight="400" style="italic">Sofia-Pro-Soft-Regular-Italic.ttf</font>
        <font weight="500" style="normal">Sofia-Pro-Soft-Medium.ttf</font>
        <font weight="500" style="italic">Sofia-Pro-Soft-Medium-Italic.ttf</font>
        <font weight="900" style="normal">Sofia-Pro-Soft-Bold.ttf</font>
        <font weight="900" style="italic">Sofia-Pro-Soft-Bold-Italic.ttf</font>
        <font weight="700" style="normal">Sofia-Pro-Soft-Bold.ttf</font>
        <font weight="700" style="italic">Sofia-Pro-Soft-Bold-Italic.ttf</font>
    </family>
    <!-- Note that aliases must come after the fonts they reference. -->
    <alias name="sans-serif-thin" to="sans-serif" weight="100" />
    <alias name="sans-serif-light" to="sans-serif" weight="300" />
    <alias name="sans-serif-medium" to="sans-serif" weight="500" />
    <alias name="sans-serif-black" to="sans-serif" weight="900" />
    <alias name="arial" to="sans-serif" />
    <alias name="helvetica" to="sans-serif" />
    <alias name="tahoma" to="sans-serif" />
    <alias name="verdana" to="sans-serif" />
    <alias name="sans-serif-condensed" to="sans-serif" />
</familyset>